table_name,column_index,label,domain,column_type
Book_11x17.pt_September2020_CTA.json.gz,3,Date,Book,date
Book_12min.com_September2020_CTA.json.gz,0,Book/name,Book,textual
Book_12min.com_September2020_CTA.json.gz,2,Language,Book,textual
Book_1carpetcleaning.co.uk_September2020_CTA.json.gz,7,Person/name,Book,textual
Book_1carpetcleaning.co.uk_September2020_CTA.json.gz,2,BookFormatType,Book,textual
Book_1carpetcleaning.co.uk_September2020_CTA.json.gz,1,Book/name,Book,textual
Book_1carpetcleaning.co.uk_September2020_CTA.json.gz,5,Language,Book,textual
Book_247creative.de_September2020_CTA.json.gz,1,Book/name,Book,textual
Book_247creative.de_September2020_CTA.json.gz,3,OfferItemCondition,Book,textual
Book_247creative.de_September2020_CTA.json.gz,5,ItemAvailability,Book,textual
Book_247creative.de_September2020_CTA.json.gz,6,price,Book,numerical
Book_24symbols.com_September2020_CTA.json.gz,4,Language,Book,textual
Book_24symbols.com_September2020_CTA.json.gz,2,BookFormatType,Book,textual
Book_4thestate.co.uk_September2020_CTA.json.gz,0,Book/name,Book,textual
Book_4thestate.co.uk_September2020_CTA.json.gz,3,BookFormatType,Book,textual
Book_5carti.ro_September2020_CTA.json.gz,0,Book/name,Book,textual
Book_5carti.ro_September2020_CTA.json.gz,5,price,Book,numerical
Book_7books.hu_September2020_CTA.json.gz,0,Book/name,Book,textual
Book_7books.hu_September2020_CTA.json.gz,5,price,Book,numerical
Book_9facts.co.uk_September2020_CTA.json.gz,8,Person/name,Book,textual
Book_9facts.co.uk_September2020_CTA.json.gz,10,Language,Book,textual
Book_9facts.co.uk_September2020_CTA.json.gz,3,BookFormatType,Book,textual
Book_9facts.co.uk_September2020_CTA.json.gz,0,Book/name,Book,textual
Book_abbeville.com_September2020_CTA.json.gz,0,Book/name,Book,textual
Book_abbeville.com_September2020_CTA.json.gz,4,price,Book,numerical
Book_abebooks.com_September2020_CTA.json.gz,3,BookFormatType,Book,textual
Book_abebooks.com_September2020_CTA.json.gz,0,Book/name,Book,textual
Book_abebooks.fr_September2020_CTA.json.gz,3,BookFormatType,Book,textual
Book_abebooks.fr_September2020_CTA.json.gz,1,Book/name,Book,textual
Book_acco.be_September2020_CTA.json.gz,0,Book/name,Book,textual
Book_acq-intl.com_September2020_CTA.json.gz,1,Book/name,Book,textual
Book_acq-intl.com_September2020_CTA.json.gz,5,BookFormatType,Book,textual
Book_adlibris.com_September2020_CTA.json.gz,0,Book/name,Book,textual
Book_afcc.com.sg_September2020_CTA.json.gz,0,Book/name,Book,textual
Book_afortressofbooks.com_September2020_CTA.json.gz,0,Book/name,Book,textual
Book_afsa.org_September2020_CTA.json.gz,0,Book/name,Book,textual
Book_afsa.org_September2020_CTA.json.gz,2,BookFormatType,Book,textual
Book_agapea.com_September2020_CTA.json.gz,0,Book/name,Book,textual
Book_agapea.com_September2020_CTA.json.gz,9,price,Book,numerical
Book_agreatread.co.uk_September2020_CTA.json.gz,0,Book/name,Book,textual
Book_agreatread.co.uk_September2020_CTA.json.gz,2,ItemAvailability,Book,textual
Book_agreatread.co.uk_September2020_CTA.json.gz,3,OfferItemCondition,Book,textual
Book_ahorraenlibros.com_September2020_CTA.json.gz,0,Book/name,Book,textual
Book_ahorraenlibros.com_September2020_CTA.json.gz,2,price,Book,textual
Book_aionianbible.org_September2020_CTA.json.gz,0,Book/name,Book,textual
Book_airadasletras.gal_September2020_CTA.json.gz,7,currency,Book,textual
Book_airadasletras.gal_September2020_CTA.json.gz,3,BookFormatType,Book,textual
Book_airmax-uk.org.uk_September2020_CTA.json.gz,6,Person/name,Book,textual
Book_airmax-uk.org.uk_September2020_CTA.json.gz,3,BookFormatType,Book,textual
Book_airmax-uk.org.uk_September2020_CTA.json.gz,5,Language,Book,textual
Book_airsassociation.org_September2020_CTA.json.gz,2,price,Book,textual
Book_airsassociation.org_September2020_CTA.json.gz,3,Review,Book,textual
Book_airserbia.com_September2020_CTA.json.gz,4,BookFormatType,Book,textual
Book_albatroz.pt_September2020_CTA.json.gz,2,Date,Book,date
Book_albertine.com_September2020_CTA.json.gz,3,BookFormatType,Book,textual
Book_albertine.com_September2020_CTA.json.gz,9,price,Book,numerical
Book_albertine.com_September2020_CTA.json.gz,10,ItemAvailability,Book,textual
Book_alcuinbooks.com_September2020_CTA.json.gz,5,price,Book,numerical
Book_alibris.co.uk_September2020_CTA.json.gz,2,Number,Book,numerical
Book_allauthor.com_September2020_CTA.json.gz,2,Date,Book,date
Book_allauthor.com_September2020_CTA.json.gz,4,Language,Book,textual
Book_allianceforlearning.co.uk_September2020_CTA.json.gz,3,BookFormatType,Book,textual
Book_allingtonbooks.com_September2020_CTA.json.gz,4,price,Book,numerical
Book_alpiedelaletralibreria.com_September2020_CTA.json.gz,4,ItemAvailability,Book,textual
Book_alpiedelaletralibreria.com_September2020_CTA.json.gz,6,price,Book,textual
Book_altaviatravelbooks.be_September2020_CTA.json.gz,4,price,Book,numerical
Book_altaviatravelbooks.be_September2020_CTA.json.gz,6,ItemAvailability,Book,textual
Book_amazonaws.com_September2020_CTA.json.gz,2,BookFormatType,Book,textual
Book_ambrallibres.com_September2020_CTA.json.gz,5,price,Book,numerical
Book_amheath.com_September2020_CTA.json.gz,1,Language,Book,textual
Book_andrea.com_September2020_CTA.json.gz,1,BookFormatType,Book,textual
Book_andrewisles.com_September2020_CTA.json.gz,4,price,Book,numerical
Book_annibuku.com_September2020_CTA.json.gz,1,BookFormatType,Book,textual
Book_anobii.com_September2020_CTA.json.gz,8,BookFormatType,Book,textual
Book_anobii.com_September2020_CTA.json.gz,6,Language,Book,textual
Book_antartica.at_September2020_CTA.json.gz,6,price,Book,numerical
Book_antartica.at_September2020_CTA.json.gz,7,currency,Book,textual
Book_antichay.com_September2020_CTA.json.gz,5,ItemAvailability,Book,textual
Book_antichay.com_September2020_CTA.json.gz,6,price,Book,numerical
Book_antiqbook.co.uk_September2020_CTA.json.gz,3,price,Book,numerical
Book_antiqbook.co.uk_September2020_CTA.json.gz,2,currency,Book,textual
Book_antiquariatbotanicum.com_September2020_CTA.json.gz,4,price,Book,numerical
Book_apogeonline.com_September2020_CTA.json.gz,4,currency,Book,textual
Book_apprimus-verlag.de_September2020_CTA.json.gz,5,price,Book,textual
Book_arab-books.com_September2020_CTA.json.gz,1,Language,Book,textual
Book_arabischesbuch.de_September2020_CTA.json.gz,11,IdentifierAT,Book,numerical
Book_arcadiapublishing.com_September2020_CTA.json.gz,2,BookFormatType,Book,textual
Book_archive.org_September2020_CTA.json.gz,3,Date,Book,date
Book_archive.org_September2020_CTA.json.gz,6,BookFormatType,Book,textual
Book_argonpress.com_September2020_CTA.json.gz,2,price,Book,textual
Book_arhibook.ru_September2020_CTA.json.gz,4,BookFormatType,Book,textual
Book_arsedition.de_September2020_CTA.json.gz,4,Language,Book,textual
Book_art-books.com_September2020_CTA.json.gz,4,ItemAvailability,Book,textual
Book_artbookmagazine.com_September2020_CTA.json.gz,7,Language,Book,textual
Book_arteplural.pt_September2020_CTA.json.gz,2,Date,Book,date
Book_artisanbooksandbindery.com_September2020_CTA.json.gz,7,ItemAvailability,Book,textual
Book_asiabookroom.com_September2020_CTA.json.gz,5,ItemAvailability,Book,textual
Book_atlantavintagebooks.com_September2020_CTA.json.gz,7,ItemAvailability,Book,textual
Book_attorneylombardo.com_September2020_CTA.json.gz,3,Number,Book,numerical
Book_audiobooki.com_September2020_CTA.json.gz,2,currency,Book,textual
Book_audiolibrix.de_September2020_CTA.json.gz,1,Language,Book,textual
Book_autorenwelt.de_September2020_CTA.json.gz,2,ItemAvailability,Book,textual
Book_autorepguide.com_September2020_CTA.json.gz,3,Number,Book,numerical
Book_awardsemmy.co_September2020_CTA.json.gz,7,Person/name,Book,textual
Book_awardsemmy.co_September2020_CTA.json.gz,5,Language,Book,textual
Book_babellibros.com_September2020_CTA.json.gz,8,currency,Book,textual
Book_badalnepal.co_September2020_CTA.json.gz,6,Person/name,Book,textual
Book_badalnepal.co_September2020_CTA.json.gz,5,Language,Book,textual
Book_bagatellebooks.com_September2020_CTA.json.gz,6,ItemAvailability,Book,textual
Book_bajalibros.com_September2020_CTA.json.gz,4,Language,Book,textual
Book_barnesandnoble.com_September2020_CTA.json.gz,7,Language,Book,textual
Book_bartlebysbooks.com_September2020_CTA.json.gz,4,ItemAvailability,Book,textual
Book_basementbooks.com.au_September2020_CTA.json.gz,7,currency,Book,textual
Book_batdongsanhoian.co_September2020_CTA.json.gz,2,Review,Book,textual
Book_bathspa.ac.uk_September2020_CTA.json.gz,2,Language,Book,textual
Book_bazarow.com_September2020_CTA.json.gz,5,Language,Book,textual
Book_bdebooks.com_September2020_CTA.json.gz,3,Number,Book,numerical
Book_benjamin-newton.com_September2020_CTA.json.gz,3,Date,Book,date
Book_benjamin-newton.com_September2020_CTA.json.gz,4,Language,Book,textual
Book_benjamins.com_September2020_CTA.json.gz,6,Language,Book,textual
Book_berneboek.com_September2020_CTA.json.gz,5,ItemAvailability,Book,textual
Book_bernettpenka.com_September2020_CTA.json.gz,4,ItemAvailability,Book,textual
Book_beyondthepanel.net_September2020_CTA.json.gz,3,Review,Book,textual
Book_biblio.bg_September2020_CTA.json.gz,4,ItemAvailability,Book,textual
Book_biblio.co.uk_September2020_CTA.json.gz,1,IdentifierAT,Book,numerical
Book_biblio.co.uk_September2020_CTA.json.gz,4,ItemAvailability,Book,textual
Book_biblio.co.uk_September2020_CTA.json.gz,6,OfferItemCondition,Book,textual
Book_biblio.co.uk_September2020_CTA.json.gz,7,currency,Book,textual
Book_biblio.com_September2020_CTA.json.gz,5,Date,Book,date
Book_bibliomania.ws_September2020_CTA.json.gz,6,ItemAvailability,Book,textual
Book_bijbelkioskhoekschewaard.nl_September2020_CTA.json.gz,5,ItemAvailability,Book,textual
Book_biz-book.com.ua_September2020_CTA.json.gz,4,currency,Book,textual
Book_biz.ua_September2020_CTA.json.gz,6,currency,Book,textual
Book_bledsoebooks.com_September2020_CTA.json.gz,4,ItemAvailability,Book,textual
Book_bluebuble.co.uk_September2020_CTA.json.gz,6,Person/name,Book,textual
Book_body-massage.co_September2020_CTA.json.gz,6,Person/name,Book,textual
Book_boekhandelsmit.nl_September2020_CTA.json.gz,6,currency,Book,textual
Book_boekhandelvandervelde.nl_September2020_CTA.json.gz,2,currency,Book,textual
Book_bokon.se_September2020_CTA.json.gz,6,currency,Book,textual
Book_bol.de_September2020_CTA.json.gz,6,currency,Book,textual
Book_boldstrokesbooks.com_September2020_CTA.json.gz,2,Date,Book,date
Book_boo-hooray.com_September2020_CTA.json.gz,3,currency,Book,textual
Book_bookfusion.com_September2020_CTA.json.gz,3,IdentifierAT,Book,textual
Book_bookfusion.com_September2020_CTA.json.gz,4,currency,Book,textual
Book_bookhorde.org_September2020_CTA.json.gz,3,Review,Book,textual
Book_booklifepublishing.co.uk_September2020_CTA.json.gz,11,currency,Book,textual
Book_books-express.ro_September2020_CTA.json.gz,8,currency,Book,textual
Book_booksjuice.com_September2020_CTA.json.gz,2,IdentifierAT,Book,numerical
Book_booksjuice.com_September2020_CTA.json.gz,6,Date,Book,date
Book_booktrust.org.uk_September2020_CTA.json.gz,3,Number,Book,numerical
Book_booktrust.org.uk_September2020_CTA.json.gz,4,Review,Book,textual
Book_bookvica.com_September2020_CTA.json.gz,3,Person/name,Book,textual
Book_bookvica.com_September2020_CTA.json.gz,6,currency,Book,textual
Book_borges.ai_September2020_CTA.json.gz,3,Review,Book,textual
Book_bossfightbooks.com_September2020_CTA.json.gz,2,Date,Book,date
Book_bouquinistes.be_September2020_CTA.json.gz,3,currency,Book,textual
Book_brusheducation.ca_September2020_CTA.json.gz,6,Date,Book,date
Book_bubblin.io_September2020_CTA.json.gz,1,Person/name,Book,textual
Book_buecher.de_September2020_CTA.json.gz,4,OfferItemCondition,Book,textual
Book_buechertreff.de_September2020_CTA.json.gz,1,IdentifierAT,Book,numerical
Book_buechertreff.de_September2020_CTA.json.gz,4,Person/name,Book,textual
Book_buechertreff.de_September2020_CTA.json.gz,7,Number,Book,numerical
Book_buechertreff.de_September2020_CTA.json.gz,8,Number,Book,numerical
Book_buechertreff.de_September2020_CTA.json.gz,10,Number,Book,numerical
Book_buscalibre.com.co_September2020_CTA.json.gz,5,OfferItemCondition,Book,textual
Book_buscalibre.us_September2020_CTA.json.gz,10,OfferItemCondition,Book,textual
Book_buyprobolan50.co.uk_September2020_CTA.json.gz,8,Person/name,Book,textual
Book_bwb.co.nz_September2020_CTA.json.gz,3,Date,Book,date
Book_canadianscholars.ca_September2020_CTA.json.gz,7,Review,Book,textual
Book_catoandmacro.com_September2020_CTA.json.gz,4,Date,Book,date
Book_celticmotorco.co.uk_September2020_CTA.json.gz,7,Person/name,Book,textual
Book_centroeinaudi.it_September2020_CTA.json.gz,2,Number,Book,numerical
Book_centrumpowypadkowe.co.uk_September2020_CTA.json.gz,9,Person/name,Book,textual
Book_cheekyscientist.com_September2020_CTA.json.gz,9,Number,Book,numerical
Book_clcitaly.com_September2020_CTA.json.gz,5,IdentifierAT,Book,numerical
Book_clcromania.ro_September2020_CTA.json.gz,8,OfferItemCondition,Book,textual
Book_clinback.co_September2020_CTA.json.gz,3,Review,Book,textual
Book_cocempire.co_September2020_CTA.json.gz,6,Person/name,Book,textual
Book_conservativebookclub.com_September2020_CTA.json.gz,3,Number,Book,numerical
Book_conservativesolutions.co_September2020_CTA.json.gz,6,Person/name,Book,textual
Book_creetiq.com_September2020_CTA.json.gz,3,Number,Book,numerical
Book_creetiq.com_September2020_CTA.json.gz,6,Date,Book,date
Book_crimefiles.co.uk_September2020_CTA.json.gz,4,Date,Book,date
Book_deborahmoggach.com_September2020_CTA.json.gz,4,Date,Book,date
Book_degatos.website_September2020_CTA.json.gz,2,Date,Book,date
Book_delreylibreria.com_September2020_CTA.json.gz,4,Date,Book,date
Book_delreylibreria.com_September2020_CTA.json.gz,8,Person/name,Book,textual
Book_denhamgreene-actprimaryacademy.org.uk_September2020_CTA.json.gz,8,Person/name,Book,textual
Book_dianereviewsbooks.com_September2020_CTA.json.gz,2,Review,Book,textual
Book_diffordsguide.com_September2020_CTA.json.gz,2,Number,Book,numerical
Book_diffordsguide.com_September2020_CTA.json.gz,3,Number,Book,numerical
Book_diffordsguide.com_September2020_CTA.json.gz,6,Number,Book,numerical
Book_diflucan.space_September2020_CTA.json.gz,5,Date,Book,date
Book_drinkhacker.com_September2020_CTA.json.gz,4,Review,Book,textual
Book_duifhuizenboeken.nl_September2020_CTA.json.gz,1,Person/name,Book,textual
Book_dwjcolourprint.co.uk_September2020_CTA.json.gz,6,Person/name,Book,textual
Book_e-reading.club_September2020_CTA.json.gz,10,Number,Book,numerical
Book_e-reading.club_September2020_CTA.json.gz,11,Number,Book,numerical
Book_edenyale.co.uk_September2020_CTA.json.gz,6,Person/name,Book,textual
Book_edinburghbookreview.co.uk_September2020_CTA.json.gz,2,Review,Book,textual
Book_egoarchive.com_September2020_CTA.json.gz,3,Date,Book,date
Book_englishforforeignersonline.com_September2020_CTA.json.gz,4,Review,Book,textual
Book_essayreview.co.uk_September2020_CTA.json.gz,10,Review,Book,textual
Book_exlib.net_September2020_CTA.json.gz,2,Number,Book,numerical
Book_familius.com_September2020_CTA.json.gz,2,IdentifierAT,Book,textual
Book_fanclub-vincentgross.de_September2020_CTA.json.gz,3,OfferItemCondition,Book,textual
Book_fantasybookreview.co.uk_September2020_CTA.json.gz,4,Number,Book,numerical
Book_fantasybookreview.co.uk_September2020_CTA.json.gz,6,Number,Book,numerical
Book_fantasybookreview.co.uk_September2020_CTA.json.gz,5,Review,Book,textual
Book_fau.de_September2020_CTA.json.gz,2,IdentifierAT,Book,textual
Book_french-bookys.org_September2020_CTA.json.gz,3,IdentifierAT,Book,textual
Book_fritshardeman.nl_September2020_CTA.json.gz,6,IdentifierAT,Book,numerical
Book_gaststaettewuensch.de_September2020_CTA.json.gz,6,OfferItemCondition,Book,textual
Book_gasztroabc.hu_September2020_CTA.json.gz,1,IdentifierAT,Book,textual
Book_hoepli.it_September2020_CTA.json.gz,9,OfferItemCondition,Book,textual
Book_hogrefe.com_September2020_CTA.json.gz,1,IdentifierAT,Book,numerical
Book_hotandlittlethings.fr_September2020_CTA.json.gz,5,OfferItemCondition,Book,textual
Book_ibfd.org_September2020_CTA.json.gz,1,IdentifierAT,Book,textual
Book_ifis.org.uk_September2020_CTA.json.gz,5,IdentifierAT,Book,numerical
Book_johnstonlibrary.com_September2020_CTA.json.gz,2,Review,Book,textual
Book_kazneb.kz_September2020_CTA.json.gz,5,IdentifierAT,Book,textual
Book_kdnovelties.com_September2020_CTA.json.gz,5,OfferItemCondition,Book,textual
Book_kirkusreviews.com_September2020_CTA.json.gz,5,Review,Book,textual
Book_knihyprekazdeho.sk_September2020_CTA.json.gz,7,OfferItemCondition,Book,textual
Book_la-confrerie.fr_September2020_CTA.json.gz,3,OfferItemCondition,Book,textual
Book_lanzhang.de_September2020_CTA.json.gz,4,OfferItemCondition,Book,textual
Book_laprocure.com_September2020_CTA.json.gz,2,IdentifierAT,Book,numerical
Book_lerma1896.com_September2020_CTA.json.gz,9,OfferItemCondition,Book,textual
Book_liberaliaediciones.com_September2020_CTA.json.gz,4,OfferItemCondition,Book,textual
Book_libreriauniversitaria.it_September2020_CTA.json.gz,4,OfferItemCondition,Book,textual
Book_libreriauniverso.it_September2020_CTA.json.gz,9,OfferItemCondition,Book,textual
Book_litlife.club_September2020_CTA.json.gz,4,IdentifierAT,Book,textual
Book_marta-press.de_September2020_CTA.json.gz,5,OfferItemCondition,Book,textual
Book_mcpl.us_September2020_CTA.json.gz,3,Review,Book,textual
Book_mcsports.es_September2020_CTA.json.gz,1,IdentifierAT,Book,numerical
Book_mdesignsolutions.co.uk_September2020_CTA.json.gz,10,Review,Book,textual
Book_nobelcastellar.com_September2020_CTA.json.gz,3,IdentifierAT,Book,textual
Book_openbooks.com_September2020_CTA.json.gz,6,Review,Book,textual
Book_otherwiseaward.org_September2020_CTA.json.gz,4,Review,Book,textual
Book_pou.hr_September2020_CTA.json.gz,1,IdentifierAT,Book,textual
Book_uchile.cl_September2020_CTA.json.gz,5,URL,Book,textual
Book_wisc.edu_September2020_CTA.json.gz,6,URL,Book,textual
Movie_000123movies.com_September2020_CTA.json.gz,2,Duration,Movie,textual
Movie_000123movies.com_September2020_CTA.json.gz,0,Movie/name,Movie,textual
Movie_000123movies.com_September2020_CTA.json.gz,3,Rating,Movie,textual
Movie_0123movies.run_September2020_CTA.json.gz,3,Duration,Movie,numerical
Movie_0123movies.run_September2020_CTA.json.gz,0,Movie/name,Movie,textual
Movie_0123movieshub.site_September2020_CTA.json.gz,4,Duration,Movie,numerical
Movie_100bestmovies.ru_September2020_CTA.json.gz,0,Movie/name,Movie,textual
Movie_103.194.171.205_September2020_CTA.json.gz,0,Movie/name,Movie,textual
Movie_10s.live_September2020_CTA.json.gz,0,Movie/name,Movie,textual
Movie_10s.live_September2020_CTA.json.gz,5,Duration,Movie,textual
Movie_111.90.150.31_September2020_CTA.json.gz,2,Duration,Movie,textual
Movie_111.90.150.31_September2020_CTA.json.gz,0,Movie/name,Movie,textual
Movie_111.90.150.31_September2020_CTA.json.gz,3,Rating,Movie,textual
Movie_123-gomovies.com_September2020_CTA.json.gz,0,Movie/name,Movie,textual
Movie_123-gomovies.com_September2020_CTA.json.gz,2,Duration,Movie,numerical
Movie_123-gomovies.com_September2020_CTA.json.gz,3,URL,Movie,textual
Movie_123-movies.club_September2020_CTA.json.gz,0,Movie/name,Movie,textual
Movie_123-movies.club_September2020_CTA.json.gz,2,Duration,Movie,textual
Movie_1234-movies.com_September2020_CTA.json.gz,0,Movie/name,Movie,textual
Movie_1234-movies.com_September2020_CTA.json.gz,3,Duration,Movie,textual
Movie_1234-movies.com_September2020_CTA.json.gz,4,URL,Movie,textual
Movie_123cineplex.com_September2020_CTA.json.gz,3,Duration,Movie,numerical
Movie_123cineplex.com_September2020_CTA.json.gz,1,Movie/name,Movie,textual
Movie_123films.cc_September2020_CTA.json.gz,0,Movie/name,Movie,textual
Movie_123films.cc_September2020_CTA.json.gz,2,Duration,Movie,numerical
Movie_123films.cc_September2020_CTA.json.gz,3,URL,Movie,textual
Movie_123gofmovies.com_September2020_CTA.json.gz,4,Duration,Movie,textual
Movie_123movie.ec_September2020_CTA.json.gz,0,Movie/name,Movie,textual
Movie_123movie.ec_September2020_CTA.json.gz,3,URL,Movie,textual
Movie_123moviefree.online_September2020_CTA.json.gz,2,Duration,Movie,numerical
Movie_123movieonline.xyz_September2020_CTA.json.gz,0,Movie/name,Movie,textual
Movie_123movieonline.xyz_September2020_CTA.json.gz,3,URL,Movie,textual
Movie_123movieonline.xyz_September2020_CTA.json.gz,4,Duration,Movie,textual
Movie_123movies-fun.com_September2020_CTA.json.gz,1,Movie/name,Movie,textual
Movie_123movies-fun.com_September2020_CTA.json.gz,4,URL,Movie,textual
Movie_123movies.church_September2020_CTA.json.gz,0,Movie/name,Movie,textual
Movie_123movies.church_September2020_CTA.json.gz,3,Duration,Movie,textual
Movie_123movies.church_September2020_CTA.json.gz,5,URL,Movie,textual
Movie_123movies.fish_September2020_CTA.json.gz,0,Movie/name,Movie,textual
Movie_123movies.haus_September2020_CTA.json.gz,1,Movie/name,Movie,textual
Movie_123movies.haus_September2020_CTA.json.gz,5,URL,Movie,textual
Movie_123movies.mx_September2020_CTA.json.gz,2,Duration,Movie,textual
Movie_123movies.mx_September2020_CTA.json.gz,0,Movie/name,Movie,textual
Movie_123movies.mx_September2020_CTA.json.gz,9,Rating,Movie,textual
Movie_123movies.organic_September2020_CTA.json.gz,0,Movie/name,Movie,textual
Movie_123movies.organic_September2020_CTA.json.gz,3,URL,Movie,textual
Movie_123movies.organic_September2020_CTA.json.gz,4,Duration,Movie,textual
Movie_123movies.pictures_September2020_CTA.json.gz,0,Movie/name,Movie,textual
Movie_123movies.pictures_September2020_CTA.json.gz,2,Duration,Movie,numerical
Movie_123movies.pictures_September2020_CTA.json.gz,3,URL,Movie,textual
Movie_123movies.town_September2020_CTA.json.gz,3,URL,Movie,textual
Movie_123movies.town_September2020_CTA.json.gz,4,Duration,Movie,textual
Movie_123movies.website_September2020_CTA.json.gz,2,Duration,Movie,textual
Movie_123movies.wine_September2020_CTA.json.gz,5,Duration,Movie,numerical
Movie_123moviesbox.com_September2020_CTA.json.gz,5,Rating,Movie,textual
Movie_123moviesfree.guru_September2020_CTA.json.gz,2,URL,Movie,textual
Movie_123moviesla.com_September2020_CTA.json.gz,5,URL,Movie,textual
Movie_123moviesonlinefree.org_September2020_CTA.json.gz,4,Rating,Movie,textual
Movie_123moviespad2.com_September2020_CTA.json.gz,3,URL,Movie,textual
Movie_123moviess.gdn_September2020_CTA.json.gz,5,URL,Movie,textual
Movie_123telugumovie1.online_September2020_CTA.json.gz,7,Country,Movie,textual
Movie_172.96.189.133_September2020_CTA.json.gz,3,URL,Movie,textual
Movie_178.128.119.15_September2020_CTA.json.gz,9,URL,Movie,textual
Movie_204.48.22.58_September2020_CTA.json.gz,4,URL,Movie,textual
Movie_20thcenturystudios.co.nz_September2020_CTA.json.gz,2,Rating,Movie,textual
Movie_4688v6r.cn_September2020_CTA.json.gz,9,Rating,Movie,textual
Movie_5movierulzfree.me_September2020_CTA.json.gz,5,Country,Movie,textual
Movie_alloverglobe.com_September2020_CTA.json.gz,3,Rating,Movie,textual
Movie_amctheatres.com_September2020_CTA.json.gz,3,Rating,Movie,textual
Movie_anilist.co_September2020_CTA.json.gz,2,Country,Movie,textual
Movie_animensmoke.com_September2020_CTA.json.gz,4,Rating,Movie,textual
Movie_appmoob.com_September2020_CTA.json.gz,3,Rating,Movie,textual
Movie_asyadizileri.net_September2020_CTA.json.gz,4,Country,Movie,textual
Movie_b4watch.com_September2020_CTA.json.gz,3,Rating,Movie,textual
Movie_bestindianseries.com_September2020_CTA.json.gz,3,Rating,Movie,textual
Movie_bingedb.com_September2020_CTA.json.gz,3,Rating,Movie,textual
Movie_bingj.com_September2020_CTA.json.gz,4,Rating,Movie,textual
Movie_bollywoodmdb.com_September2020_CTA.json.gz,5,Country,Movie,textual
Movie_boxofficebuz.com_September2020_CTA.json.gz,3,Rating,Movie,textual
Movie_catmoviez.com_September2020_CTA.json.gz,6,Rating,Movie,textual
Movie_cbsig.net_September2020_CTA.json.gz,2,Rating,Movie,textual
Movie_ccmovies.org_September2020_CTA.json.gz,3,Rating,Movie,textual
Movie_cia.edu_September2020_CTA.json.gz,2,Country,Movie,textual
Movie_cinefun.co_September2020_CTA.json.gz,6,Rating,Movie,textual
Movie_cinematheque-leipzig.de_September2020_CTA.json.gz,5,Country,Movie,textual
Movie_clevelandfilm.org_September2020_CTA.json.gz,5,Country,Movie,textual
Movie_criticker.com_September2020_CTA.json.gz,5,Country,Movie,textual
Movie_crossingeurope.at_September2020_CTA.json.gz,2,Country,Movie,textual
Movie_dlastudenta.pl_September2020_CTA.json.gz,2,Country,Movie,textual
Movie_entertainment.ie_September2020_CTA.json.gz,5,Country,Movie,textual
Movie_fernsehserien.de_September2020_CTA.json.gz,6,Country,Movie,textual
Movie_film.nu_September2020_CTA.json.gz,8,Country,Movie,textual
Movie_filmelier.com_September2020_CTA.json.gz,5,Country,Movie,textual
Movie_flicks.co.nz_September2020_CTA.json.gz,5,Country,Movie,textual
Movie_flicks.com.au_September2020_CTA.json.gz,5,Country,Movie,textual
Movie_freshmovies.tv_September2020_CTA.json.gz,6,Country,Movie,textual
Movie_full1080pfilmizle.com_September2020_CTA.json.gz,4,Country,Movie,textual
Movie_ivid.it_September2020_CTA.json.gz,12,Country,Movie,textual
Product_1800lighting.com_September2020_CTA.json.gz,8,Product/name,Product,textual
Product_1820bagco.com_September2020_CTA.json.gz,3,weight,Product,textual
Product_2-speed.de_September2020_CTA.json.gz,10,weight,Product,textual
Product_21snack.com_September2020_CTA.json.gz,2,weight,Product,textual
Product_2bice.com_September2020_CTA.json.gz,0,Product/name,Product,textual
Product_2feettall.co.nz_September2020_CTA.json.gz,0,Product/name,Product,textual
Product_2kool4skool.com_September2020_CTA.json.gz,6,weight,Product,textual
Product_2nd-flight.de_September2020_CTA.json.gz,3,category,Product,numerical
Product_3deksperten.dk_September2020_CTA.json.gz,4,weight,Product,textual
Product_3dprinterstuff.com_September2020_CTA.json.gz,5,category,Product,numerical
Product_3sixtgear.com_September2020_CTA.json.gz,0,Product/name,Product,textual
Product_420science.com_September2020_CTA.json.gz,14,weight,Product,textual
Product_4evafit.com_September2020_CTA.json.gz,1,Product/name,Product,textual
Product_4pawscanineacademy.com_September2020_CTA.json.gz,7,weight,Product,numerical
Product_4ufh.com_September2020_CTA.json.gz,4,weight,Product,textual
Product_6l.com.br_September2020_CTA.json.gz,2,weight,Product,textual
Product_80hd.us_September2020_CTA.json.gz,7,weight,Product,textual
Product_a-ftnss.com_September2020_CTA.json.gz,2,category,Product,textual
Product_a-ftnss.com_September2020_CTA.json.gz,20,weight,Product,numerical
Product_a-zfurnitureoutlet.com_September2020_CTA.json.gz,1,Product/name,Product,textual
Product_a-zfurnitureoutlet.com_September2020_CTA.json.gz,3,category,Product,textual
Product_a1solarstore.com_September2020_CTA.json.gz,4,weight,Product,textual
Product_aarecoverymedallionengraving.com_September2020_CTA.json.gz,0,Product/name,Product,textual
Product_abaniandco.com_September2020_CTA.json.gz,2,category,Product,textual
Product_abysstours.com_September2020_CTA.json.gz,1,Product/name,Product,textual
Product_academicsoul.com_September2020_CTA.json.gz,6,weight,Product,textual
Product_acceleratedartist.com_September2020_CTA.json.gz,0,Product/name,Product,textual
Product_acceleratedartist.com_September2020_CTA.json.gz,3,category,Product,textual
Product_accupower.at_September2020_CTA.json.gz,6,weight,Product,textual
Product_achatpc.com_September2020_CTA.json.gz,14,DeliveryMethod,Product,textual
Product_ackertsupplies.on.ca_September2020_CTA.json.gz,4,weight,Product,textual
Product_acmgregoire.com_September2020_CTA.json.gz,2,category,Product,numerical
Product_acoffee.com.au_September2020_CTA.json.gz,6,weight,Product,textual
Product_acopower.com_September2020_CTA.json.gz,7,weight,Product,textual
Product_acrosbay.com_September2020_CTA.json.gz,1,Product/name,Product,textual
Product_actionsurpluseugene.com_September2020_CTA.json.gz,1,weight,Product,textual
Product_acuhealthcare.com_September2020_CTA.json.gz,0,Product/name,Product,textual
Product_adamvstheman.com_September2020_CTA.json.gz,4,category,Product,textual
Product_adayawaysalonandspa.com_September2020_CTA.json.gz,0,Product/name,Product,textual
Product_adkinsfamilyrv.com_September2020_CTA.json.gz,3,category,Product,textual
Product_adlegamo.com_September2020_CTA.json.gz,1,Product/name,Product,textual
Product_adorehomeliving.com.au_September2020_CTA.json.gz,2,weight,Product,textual
Product_adrianaandradepsicologa.com_September2020_CTA.json.gz,0,Product/name,Product,textual
Product_adstocollect.com_September2020_CTA.json.gz,0,Product/name,Product,textual
Product_advanced-microsystems.com_September2020_CTA.json.gz,1,Product/name,Product,textual
Product_advanceddermatologymd.com_September2020_CTA.json.gz,7,category,Product,textual
Product_aerialequipmentparts.com_September2020_CTA.json.gz,7,weight,Product,textual
Product_aeroassemblies.com_September2020_CTA.json.gz,0,Product/name,Product,textual
Product_agavesalt.com_September2020_CTA.json.gz,1,Product/name,Product,textual
Product_agbubookstore.org_September2020_CTA.json.gz,2,category,Product,textual
Product_agptrading.com.ph_September2020_CTA.json.gz,0,Product/name,Product,textual
Product_ainehome.com_September2020_CTA.json.gz,0,Product/name,Product,textual
Product_albanyplumbing.biz_September2020_CTA.json.gz,5,category,Product,textual
Product_algonquinflowershoppe.com_September2020_CTA.json.gz,3,DeliveryMethod,Product,textual
Product_aliveskinhair.com.au_September2020_CTA.json.gz,5,DeliveryMethod,Product,textual
Product_all-about-american-bulldog-dog-breed.com_September2020_CTA.json.gz,5,category,Product,textual
Product_all-about-cane-corso-dog-breed.com_September2020_CTA.json.gz,4,category,Product,textual
Product_all-about-doberman-dog-breed.com_September2020_CTA.json.gz,7,category,Product,textual
Product_all-about-german-shepherd-dog-breed.com_September2020_CTA.json.gz,4,category,Product,textual
Product_allegra-allure.com_September2020_CTA.json.gz,2,category,Product,textual
Product_allnwahomes.com_September2020_CTA.json.gz,2,category,Product,textual
Product_alltechlife.com_September2020_CTA.json.gz,3,category,Product,textual
Product_alseaclinic.org_September2020_CTA.json.gz,6,category,Product,textual
Product_amazingflorals.com_September2020_CTA.json.gz,3,DeliveryMethod,Product,textual
Product_amherstburgflorist.com_September2020_CTA.json.gz,5,DeliveryMethod,Product,textual
Product_anitasflowersstafford.com_September2020_CTA.json.gz,5,DeliveryMethod,Product,textual
Product_anthuriumgardensflorist.com_September2020_CTA.json.gz,3,DeliveryMethod,Product,textual
Product_artisticwayflowers.net_September2020_CTA.json.gz,5,DeliveryMethod,Product,textual
Product_authenticfloraldesign.com_September2020_CTA.json.gz,3,DeliveryMethod,Product,textual
Product_autorenwelt.de_September2020_CTA.json.gz,11,DeliveryMethod,Product,textual
Product_autumnleavesflowers.com_September2020_CTA.json.gz,3,DeliveryMethod,Product,textual
Product_avenueflowersnj.com_September2020_CTA.json.gz,5,DeliveryMethod,Product,textual
Product_awesomeblossom.com_September2020_CTA.json.gz,5,DeliveryMethod,Product,textual
Product_banaflorist.com_September2020_CTA.json.gz,3,DeliveryMethod,Product,textual
Product_beau-coup.com_September2020_CTA.json.gz,8,DeliveryMethod,Product,textual
Product_belltowerflorist.com_September2020_CTA.json.gz,4,DeliveryMethod,Product,textual
Product_bestpharmacy.gr_September2020_CTA.json.gz,7,DeliveryMethod,Product,textual
Product_bigrigworld.com_September2020_CTA.json.gz,5,DeliveryMethod,Product,textual
Product_blairstownwoollypetals.com_September2020_CTA.json.gz,3,DeliveryMethod,Product,textual
Product_bloomingcreationsflorist.com_September2020_CTA.json.gz,5,DeliveryMethod,Product,textual
Book_afcc.com.sg_September2020_CTA.json.gz,1,Book/description,Book,textual
Book_afsa.org_September2020_CTA.json.gz,1,Book/description,Book,textual
Book_airserbia.com_September2020_CTA.json.gz,1,Book/description,Book,textual
Book_alec.org_September2020_CTA.json.gz,1,Book/description,Book,textual
Book_allianceforlearning.co.uk_September2020_CTA.json.gz,0,Book/description,Book,textual
Book_antiquariatbotanicum.com_September2020_CTA.json.gz,0,Book/description,Book,textual
Book_authorlucyleroux.com_September2020_CTA.json.gz,1,Book/description,Book,textual
Book_azprincehallmasons.org_September2020_CTA.json.gz,2,Boolean,Book,textual
Book_backcreekbooks.com_September2020_CTA.json.gz,1,Book/description,Book,textual
Book_backtoschoolmagazine.com_September2020_CTA.json.gz,0,DateTime,Book,date
Book_balboapress.com_September2020_CTA.json.gz,6,DateTime,Book,date
Book_bandedessinee.info_September2020_CTA.json.gz,2,DateTime,Book,date
Book_bathspa.ac.uk_September2020_CTA.json.gz,1,Book/description,Book,textual
Book_benjamin-newton.com_September2020_CTA.json.gz,8,Boolean,Book,textual
Book_bharatilawhouse.com_September2020_CTA.json.gz,1,Book/description,Book,textual
Book_blackpawbooks.com_September2020_CTA.json.gz,1,Book/description,Book,textual
Book_boldstrokesbooks.com_September2020_CTA.json.gz,1,Book/description,Book,textual
Book_boo-hooray.com_September2020_CTA.json.gz,1,Book/description,Book,textual
Book_booklifepublishing.co.uk_September2020_CTA.json.gz,1,Book/description,Book,textual
Book_booksbybaddiel.com_September2020_CTA.json.gz,6,DateTime,Book,date
Book_booksbybaddiel.com_September2020_CTA.json.gz,1,Book/description,Book,textual
Book_booktrust.org.uk_September2020_CTA.json.gz,0,Book/description,Book,textual
Book_bookvica.com_September2020_CTA.json.gz,1,Book/description,Book,textual
Book_bossfightbooks.com_September2020_CTA.json.gz,1,Book/description,Book,textual
Book_brookings.edu_September2020_CTA.json.gz,2,DateTime,Book,date
Book_brookings.edu_September2020_CTA.json.gz,1,Book/description,Book,textual
Book_brusheducation.ca_September2020_CTA.json.gz,1,Book/description,Book,textual
Book_collegegoalsundaymd.org_September2020_CTA.json.gz,2,Boolean,Book,textual
Book_currency.com.au_September2020_CTA.json.gz,3,DateTime,Book,date
Book_e-booksdirectory.com_September2020_CTA.json.gz,4,Boolean,Book,textual
Book_e-reading.club_September2020_CTA.json.gz,4,Boolean,Book,textual
Book_edineb.org_September2020_CTA.json.gz,3,Boolean,Book,textual
Book_faithlife.com_September2020_CTA.json.gz,9,DateTime,Book,date
Book_finestories.com_September2020_CTA.json.gz,6,Boolean,Book,textual
Book_ibit.am_September2020_CTA.json.gz,2,DateTime,Book,date
Book_ibit.uno_September2020_CTA.json.gz,2,DateTime,Book,date
Book_lecturenotes.in_September2020_CTA.json.gz,1,DateTime,Book,date
Book_lexhampress.com_September2020_CTA.json.gz,3,DateTime,Book,date
Book_matrubharti.com_September2020_CTA.json.gz,2,Boolean,Book,textual
Book_morrisausamerika.de_September2020_CTA.json.gz,3,Boolean,Book,textual
Book_myastrology.net_September2020_CTA.json.gz,2,Boolean,Book,textual
Book_nycsaysenough.org_September2020_CTA.json.gz,2,Boolean,Book,textual
Book_officecourseware.co.uk_September2020_CTA.json.gz,3,DateTime,Book,date
Book_openbookpublishers.com_September2020_CTA.json.gz,7,Boolean,Book,textual
Book_proudbookreviews.com_September2020_CTA.json.gz,2,DateTime,Book,date
Book_scifistories.com_September2020_CTA.json.gz,2,Boolean,Book,textual
Book_simplilearn.com_September2020_CTA.json.gz,5,DateTime,Book,date
Book_sociologos.be_September2020_CTA.json.gz,2,Boolean,Book,textual
Book_storiesonline.net_September2020_CTA.json.gz,2,Boolean,Book,textual
Book_test-preparation.ca_September2020_CTA.json.gz,4,DateTime,Book,date
Book_umn.edu_September2020_CTA.json.gz,4,Boolean,Book,textual
Book_uptake.com_September2020_CTA.json.gz,4,DateTime,Book,date
Book_verbum.com_September2020_CTA.json.gz,3,DateTime,Book,date
Book_votechnolabs.com_September2020_CTA.json.gz,3,Boolean,Book,textual
Movie_101.99.75.37_September2020_CTA.json.gz,1,DateTime,Movie,date
Movie_103.194.171.205_September2020_CTA.json.gz,3,DateTime,Movie,date
Movie_123freemoviesonline.live_September2020_CTA.json.gz,1,Movie/description,Movie,textual
Movie_123gofmovies.com_September2020_CTA.json.gz,1,Movie/description,Movie,textual
Movie_123movie.ag_September2020_CTA.json.gz,1,Movie/description,Movie,textual
Movie_123moviefree.online_September2020_CTA.json.gz,1,Movie/description,Movie,textual
Movie_123movies.cricket_September2020_CTA.json.gz,0,Movie/description,Movie,textual
Movie_123movies.haus_September2020_CTA.json.gz,0,Movie/description,Movie,textual
Movie_123movies2020.org_September2020_CTA.json.gz,0,Movie/description,Movie,textual
Movie_123moviesc.co_September2020_CTA.json.gz,1,Movie/description,Movie,textual
Movie_123moviesfx.com_September2020_CTA.json.gz,1,Movie/description,Movie,textual
Movie_123moviesku.com_September2020_CTA.json.gz,6,DateTime,Movie,date
Movie_123moviesreal.com_September2020_CTA.json.gz,0,Movie/description,Movie,textual
Movie_12movies.info_September2020_CTA.json.gz,0,Movie/description,Movie,textual
Movie_1movies.live_September2020_CTA.json.gz,1,Movie/description,Movie,textual
Movie_20thcenturystudios.com_September2020_CTA.json.gz,1,Movie/description,Movie,textual
Movie_2projectfreetv.fun_September2020_CTA.json.gz,1,Movie/description,Movie,textual
Movie_4k-fullmovie.com_September2020_CTA.json.gz,0,Movie/description,Movie,textual
Movie_51.81.254.90_September2020_CTA.json.gz,1,Movie/description,Movie,textual
Movie_74views.com_September2020_CTA.json.gz,1,Movie/description,Movie,textual
Movie_9anime.page_September2020_CTA.json.gz,0,Movie/description,Movie,textual
Movie_alloverglobe.com_September2020_CTA.json.gz,0,Movie/description,Movie,textual
Movie_anilist.co_September2020_CTA.json.gz,0,Movie/description,Movie,textual
Product_1stopcamera.com_September2020_CTA.json.gz,4,ProductModel,Product,textual
Product_2-speed.de_September2020_CTA.json.gz,9,unitText,Product,textual
Product_247cateringsupplies.co.uk_September2020_CTA.json.gz,12,Distance,Product,textual
Product_247cateringsupplies.co.uk_September2020_CTA.json.gz,7,Distance,Product,textual
Product_280group.com_September2020_CTA.json.gz,4,Brand,Product,textual
Product_2feettall.co.nz_September2020_CTA.json.gz,4,Brand,Product,textual
Product_321mooi.be_September2020_CTA.json.gz,2,Brand,Product,textual
Product_3bscientific.co.uk_September2020_CTA.json.gz,8,unitCode,Product,textual
Product_3dprintersonline.com.au_September2020_CTA.json.gz,10,unitCode,Product,textual
Product_3sixtgear.com_September2020_CTA.json.gz,7,Brand,Product,textual
Product_4lifeoutdoor.com_September2020_CTA.json.gz,14,Distance,Product,numerical
Product_4lifeoutdoor.com_September2020_CTA.json.gz,8,unitCode,Product,textual
Product_4lifeoutdoor.com_September2020_CTA.json.gz,9,unitCode,Product,textual
Product_4lifeoutdoor.com_September2020_CTA.json.gz,11,unitCode,Product,textual
Product_4lifeoutdoor.com_September2020_CTA.json.gz,13,unitCode,Product,textual
Product_4pawscanineacademy.com_September2020_CTA.json.gz,6,unitCode,Product,textual
Product_4pawscanineacademy.com_September2020_CTA.json.gz,9,unitCode,Product,textual
Product_4pawscanineacademy.com_September2020_CTA.json.gz,10,Distance,Product,numerical
Product_4pawscanineacademy.com_September2020_CTA.json.gz,11,Distance,Product,numerical
Product_4pawscanineacademy.com_September2020_CTA.json.gz,12,Distance,Product,numerical
Product_4pawscanineacademy.com_September2020_CTA.json.gz,13,unitCode,Product,textual
Product_4pawscanineacademy.com_September2020_CTA.json.gz,14,unitCode,Product,textual
Product_4rsmokehouse.com_September2020_CTA.json.gz,4,ProductModel,Product,textual
Product_4run3.com_September2020_CTA.json.gz,8,QuantitativeValue,Product,numerical
Product_72westmotorsandrvs.com_September2020_CTA.json.gz,7,Distance,Product,textual
Product_7hundred.co.uk_September2020_CTA.json.gz,8,Brand,Product,textual
Product_80hd.us_September2020_CTA.json.gz,5,Brand,Product,textual
Product_a-ftnss.com_September2020_CTA.json.gz,9,Brand,Product,textual
Product_a-ftnss.com_September2020_CTA.json.gz,16,unitCode,Product,textual
Product_a-ftnss.com_September2020_CTA.json.gz,17,Distance,Product,numerical
Product_a-ftnss.com_September2020_CTA.json.gz,18,unitCode,Product,textual
Product_a-ftnss.com_September2020_CTA.json.gz,19,Distance,Product,numerical
Product_a-ftnss.com_September2020_CTA.json.gz,21,Distance,Product,numerical
Product_a-ftnss.com_September2020_CTA.json.gz,22,unitCode,Product,textual
Product_a-ftnss.com_September2020_CTA.json.gz,23,unitCode,Product,textual
Product_a-store.gr_September2020_CTA.json.gz,1,ProductModel,Product,numerical
Product_a-zfurnitureoutlet.com_September2020_CTA.json.gz,5,Brand,Product,textual
Product_a1personalised.co.uk_September2020_CTA.json.gz,9,unitText,Product,textual
Product_aakashtradeventures.com_September2020_CTA.json.gz,5,unitCode,Product,textual
Product_aastorefixtures.com_September2020_CTA.json.gz,1,Product/description,Product,textual
Product_ab-versand.de_September2020_CTA.json.gz,7,unitText,Product,textual
Product_abcsports.com.au_September2020_CTA.json.gz,8,paymentAccepted,Product,textual
Product_abkeys.com_September2020_CTA.json.gz,5,ProductModel,Product,textual
Product_abrotherhood.com_September2020_CTA.json.gz,6,Brand,Product,textual
Product_absalonequipment.com_September2020_CTA.json.gz,3,Brand,Product,textual
Product_academicsoul.com_September2020_CTA.json.gz,5,Brand,Product,textual
Product_acceleratedartist.com_September2020_CTA.json.gz,5,Brand,Product,textual
Product_acdirect.com_September2020_CTA.json.gz,8,paymentAccepted,Product,textual
Product_acesinfinity.com_September2020_CTA.json.gz,13,unitText,Product,textual
Product_achatpc.com_September2020_CTA.json.gz,5,ProductModel,Product,textual
Product_acoffee.com.au_September2020_CTA.json.gz,5,Brand,Product,textual
Product_acuhealthcare.com_September2020_CTA.json.gz,9,Brand,Product,textual
Product_adamvstheman.com_September2020_CTA.json.gz,6,unitCode,Product,textual
Product_addictinggamesx.com_September2020_CTA.json.gz,1,Product/description,Product,textual
Product_adflex.asia_September2020_CTA.json.gz,10,unitCode,Product,textual
Product_adflex.asia_September2020_CTA.json.gz,13,unitCode,Product,textual
Product_adflex.asia_September2020_CTA.json.gz,14,unitCode,Product,textual
Product_adkinsfamilyrv.com_September2020_CTA.json.gz,6,Distance,Product,textual
Product_adultcustomcontent.com_September2020_CTA.json.gz,1,Product/description,Product,textual
Product_aerialsusa.com_September2020_CTA.json.gz,3,Brand,Product,textual
Product_aeronautiko.com_September2020_CTA.json.gz,6,Distance,Product,textual
Product_aeronautiko.com_September2020_CTA.json.gz,10,Distance,Product,textual
Product_aeropress.com_September2020_CTA.json.gz,10,unitCode,Product,textual
Product_agavesalt.com_September2020_CTA.json.gz,5,Brand,Product,textual
Product_agptrading.com.ph_September2020_CTA.json.gz,2,Brand,Product,textual
Product_agromat.gr_September2020_CTA.json.gz,1,ProductModel,Product,numerical
Product_ahmyorivergallery.com_September2020_CTA.json.gz,9,QuantitativeValue,Product,numerical
Product_ainehome.com_September2020_CTA.json.gz,2,Brand,Product,textual
Product_air-we-go.co.uk_September2020_CTA.json.gz,8,Distance,Product,numerical
Product_air-we-go.co.uk_September2020_CTA.json.gz,9,Distance,Product,numerical
Product_air-we-go.co.uk_September2020_CTA.json.gz,11,Distance,Product,numerical
Product_airliquide.us_September2020_CTA.json.gz,2,Brand,Product,textual
Product_ajaxonline.co.uk_September2020_CTA.json.gz,20,Distance,Product,numerical
Product_ajaxonline.co.uk_September2020_CTA.json.gz,18,Distance,Product,numerical
Product_ajaxonline.co.uk_September2020_CTA.json.gz,14,Distance,Product,numerical
Product_ajmadison.com_September2020_CTA.json.gz,7,Distance,Product,textual
Product_akguam.com_September2020_CTA.json.gz,2,Brand,Product,textual
Product_albanyplumbing.biz_September2020_CTA.json.gz,10,ProductModel,Product,textual
Product_algozasports.com_September2020_CTA.json.gz,3,ProductModel,Product,numerical
Product_aliveskinhair.com.au_September2020_CTA.json.gz,6,paymentAccepted,Product,textual
Product_all-about-doberman-dog-breed.com_September2020_CTA.json.gz,3,ProductModel,Product,textual
Product_all-about-german-shepherd-dog-breed.com_September2020_CTA.json.gz,3,ProductModel,Product,textual
Product_all-about-great-dane-dog-breed.com_September2020_CTA.json.gz,4,ProductModel,Product,textual
Product_all-about-pitbull-dog-breed.com_September2020_CTA.json.gz,3,ProductModel,Product,textual
Product_allclaveparts.com_September2020_CTA.json.gz,8,paymentAccepted,Product,textual
Product_allesfuerdiekatz.eu_September2020_CTA.json.gz,8,unitText,Product,textual
Product_allgoodthingspaper.com_September2020_CTA.json.gz,5,QuantitativeValue,Product,numerical
Product_allphones.com.au_September2020_CTA.json.gz,5,ProductModel,Product,textual
Product_allstarlogo.com_September2020_CTA.json.gz,7,paymentAccepted,Product,textual
Product_alltechlife.com_September2020_CTA.json.gz,5,ProductModel,Product,textual
Product_altestore.com_September2020_CTA.json.gz,4,ProductModel,Product,textual
Product_american-bulldog-breed-info.com_September2020_CTA.json.gz,3,ProductModel,Product,textual
Product_americanracing.com_September2020_CTA.json.gz,1,Product/description,Product,textual
Product_amiroud.com_September2020_CTA.json.gz,8,paymentAccepted,Product,textual
Product_amorestheshop.com_September2020_CTA.json.gz,6,QuantitativeValue,Product,numerical
Product_amplay.ch_September2020_CTA.json.gz,8,unitText,Product,textual
Product_amstaff-dog-breed-info.com_September2020_CTA.json.gz,3,ProductModel,Product,textual
Product_amystoutphotography.com_September2020_CTA.json.gz,1,Product/description,Product,textual
Product_ancientlakesmagnesium.com.au_September2020_CTA.json.gz,4,ProductModel,Product,numerical
Product_ancientwaysdm.com_September2020_CTA.json.gz,11,QuantitativeValue,Product,numerical
Product_andgifts.co.uk_September2020_CTA.json.gz,1,Product/description,Product,textual
Product_annavasily.com.au_September2020_CTA.json.gz,11,unitText,Product,textual
Product_annavasily.com.au_September2020_CTA.json.gz,15,unitText,Product,textual
Product_annavasily.com.au_September2020_CTA.json.gz,16,unitText,Product,textual
Product_anthonybraden.co.uk_September2020_CTA.json.gz,1,ProductModel,Product,textual
Product_antikhaeusla.de_September2020_CTA.json.gz,7,unitText,Product,textual
Product_antiochchryslerdodgejeep.net_September2020_CTA.json.gz,7,ProductModel,Product,textual
Product_anunita.com_September2020_CTA.json.gz,0,Product/description,Product,textual
Product_aphf.org_September2020_CTA.json.gz,7,QuantitativeValue,Product,numerical
Product_apmex.com_September2020_CTA.json.gz,12,unitText,Product,textual
Product_apmex.com_September2020_CTA.json.gz,13,unitText,Product,textual
Product_aquaessentials.co.uk_September2020_CTA.json.gz,4,paymentAccepted,Product,textual
Product_aquapropoolspa.com_September2020_CTA.json.gz,1,Product/description,Product,textual
Product_arborchem.com_September2020_CTA.json.gz,9,unitText,Product,textual
Product_arcapparel.ca_September2020_CTA.json.gz,8,QuantitativeValue,Product,numerical
Product_architecturecards.com_September2020_CTA.json.gz,6,QuantitativeValue,Product,numerical
Product_arcuri-sageti.ro_September2020_CTA.json.gz,9,unitText,Product,textual
Product_argyleyarnshop.com_September2020_CTA.json.gz,8,QuantitativeValue,Product,numerical
Product_arrangingthings.se_September2020_CTA.json.gz,3,QuantitativeValue,Product,numerical
Product_artedalmondo.eu_September2020_CTA.json.gz,12,paymentAccepted,Product,textual
Product_artisticportlandgallery.com_September2020_CTA.json.gz,8,QuantitativeValue,Product,numerical
Product_ascendmartialarts.com_September2020_CTA.json.gz,1,Product/description,Product,textual
Product_authenticparts.com_September2020_CTA.json.gz,10,unitText,Product,textual
Product_autochristmascards.com_September2020_CTA.json.gz,6,QuantitativeValue,Product,numerical
Product_autorenwelt.de_September2020_CTA.json.gz,5,paymentAccepted,Product,textual
Product_autotav.com_September2020_CTA.json.gz,6,unitText,Product,textual
Product_avinstalls.co.uk_September2020_CTA.json.gz,6,paymentAccepted,Product,textual
Product_avshop.ca_September2020_CTA.json.gz,9,paymentAccepted,Product,textual
Product_aydincoins.com_September2020_CTA.json.gz,10,paymentAccepted,Product,textual
Product_babybee.com.br_September2020_CTA.json.gz,6,QuantitativeValue,Product,numerical
Product_babyonic.nl_September2020_CTA.json.gz,6,QuantitativeValue,Product,numerical
Product_bagandbelt.de_September2020_CTA.json.gz,8,unitText,Product,textual
Product_bakerstonebox.com_September2020_CTA.json.gz,8,QuantitativeValue,Product,numerical
Product_balletgeek.com_September2020_CTA.json.gz,1,Product/description,Product,textual
Product_balloon-fire.gr_September2020_CTA.json.gz,7,unitText,Product,textual
Product_barbaraherbert.com_September2020_CTA.json.gz,24,unitText,Product,textual
Product_barbaraherbert.com_September2020_CTA.json.gz,26,unitText,Product,textual
Product_battery-plus.co.nz_September2020_CTA.json.gz,8,QuantitativeValue,Product,numerical
Product_bbq4you.eu_September2020_CTA.json.gz,1,Product/description,Product,textual
Product_beadsandbasics.com_September2020_CTA.json.gz,4,QuantitativeValue,Product,numerical
Product_bedlinnenfashion.com_September2020_CTA.json.gz,10,QuantitativeValue,Product,numerical
Product_beecustom.com_September2020_CTA.json.gz,1,Product/description,Product,textual
Product_beemine.be_September2020_CTA.json.gz,8,QuantitativeValue,Product,numerical
Product_benselectronics.nl_September2020_CTA.json.gz,5,QuantitativeValue,Product,numerical
Product_besthawaiirealestatesearch.com_September2020_CTA.json.gz,1,Product/description,Product,textual
Product_bestnaturalbbq.com_September2020_CTA.json.gz,1,Product/description,Product,textual
Product_beyondtheink.co.uk_September2020_CTA.json.gz,1,Product/description,Product,textual
Product_bgstores.co.uk_September2020_CTA.json.gz,12,paymentAccepted,Product,textual
Product_bikerdirect.com_September2020_CTA.json.gz,12,paymentAccepted,Product,textual
Product_biotrodetech.com_September2020_CTA.json.gz,11,paymentAccepted,Product,textual
Product_blackmarket.co.nz_September2020_CTA.json.gz,1,Product/description,Product,textual
Product_bogentandler.at_September2020_CTA.json.gz,8,paymentAccepted,Product,textual
Product_bowtiehouse.com_September2020_CTA.json.gz,0,Product/description,Product,textual
Product_buildersnearme.com.au_September2020_CTA.json.gz,1,Product/description,Product,textual
Product_buttoncare.com_September2020_CTA.json.gz,13,paymentAccepted,Product,textual
Product_cableleader.com_September2020_CTA.json.gz,12,paymentAccepted,Product,textual
Product_canadaseatskins.us_September2020_CTA.json.gz,8,paymentAccepted,Product,textual
Product_carpisa.it_September2020_CTA.json.gz,8,paymentAccepted,Product,textual
Product_choice.direct_September2020_CTA.json.gz,0,Product/description,Product,textual
Product_coffeencrumbsmn.com_September2020_CTA.json.gz,1,Product/description,Product,textual
Recipe_2cookinmamas.com_September2020_CTA.json.gz,0,Recipe/name,Recipe,textual
Recipe_2cookinmamas.com_September2020_CTA.json.gz,14,Mass,Recipe,textual
Recipe_2cookinmamas.com_September2020_CTA.json.gz,15,Mass,Recipe,textual
Recipe_2cookinmamas.com_September2020_CTA.json.gz,16,ItemList,Recipe,textual
Recipe_2cookinmamas.com_September2020_CTA.json.gz,19,Mass,Recipe,textual
Recipe_2cookinmamas.com_September2020_CTA.json.gz,20,Mass,Recipe,textual
Recipe_2cookinmamas.com_September2020_CTA.json.gz,22,Mass,Recipe,textual
Recipe_2cookinmamas.com_September2020_CTA.json.gz,24,Energy,Recipe,textual
Recipe_2geekswhoeat.com_September2020_CTA.json.gz,0,Recipe/name,Recipe,textual
Recipe_2geekswhoeat.com_September2020_CTA.json.gz,1,ItemList,Recipe,textual
Recipe_2sistersrecipes.com_September2020_CTA.json.gz,11,Time,Recipe,textual
Recipe_31daily.com_September2020_CTA.json.gz,10,Time,Recipe,textual
Recipe_31daily.com_September2020_CTA.json.gz,16,Energy,Recipe,textual
Recipe_31daily.com_September2020_CTA.json.gz,17,Mass,Recipe,textual
Recipe_31daily.com_September2020_CTA.json.gz,18,Mass,Recipe,textual
Recipe_31daily.com_September2020_CTA.json.gz,19,Mass,Recipe,textual
Recipe_31daily.com_September2020_CTA.json.gz,21,Mass,Recipe,textual
Recipe_31daily.com_September2020_CTA.json.gz,22,Mass,Recipe,textual
Recipe_31daily.com_September2020_CTA.json.gz,23,Mass,Recipe,textual
Recipe_31daily.com_September2020_CTA.json.gz,24,Mass,Recipe,textual
Recipe_31daily.com_September2020_CTA.json.gz,25,Mass,Recipe,textual
Recipe_417mag.com_September2020_CTA.json.gz,0,Recipe/name,Recipe,textual
Recipe_6cakesandmore.com_September2020_CTA.json.gz,0,Recipe/name,Recipe,textual
Recipe_6cakesandmore.com_September2020_CTA.json.gz,1,ItemList,Recipe,textual
Recipe_730sagestreet.com_September2020_CTA.json.gz,14,Energy,Recipe,textual
Recipe_730sagestreet.com_September2020_CTA.json.gz,15,Mass,Recipe,textual
Recipe_730sagestreet.com_September2020_CTA.json.gz,16,Mass,Recipe,textual
Recipe_730sagestreet.com_September2020_CTA.json.gz,18,Mass,Recipe,textual
Recipe_730sagestreet.com_September2020_CTA.json.gz,20,Mass,Recipe,textual
Recipe_730sagestreet.com_September2020_CTA.json.gz,21,Mass,Recipe,textual
Recipe_78recipes.com_September2020_CTA.json.gz,15,Energy,Recipe,numerical
Recipe_abakershouse.com_September2020_CTA.json.gz,0,Recipe/name,Recipe,textual
Recipe_abakershouse.com_September2020_CTA.json.gz,10,Time,Recipe,textual
Recipe_abakershouse.com_September2020_CTA.json.gz,22,Energy,Recipe,textual
Recipe_abbeyskitchen.com_September2020_CTA.json.gz,0,Recipe/name,Recipe,textual
Recipe_abbysweeting.com_September2020_CTA.json.gz,0,Recipe/name,Recipe,textual
Recipe_abbysweeting.com_September2020_CTA.json.gz,1,ItemList,Recipe,textual
Recipe_abeautifulplate.com_September2020_CTA.json.gz,0,Recipe/name,Recipe,textual
Recipe_abeautifulplate.com_September2020_CTA.json.gz,10,Time,Recipe,textual
Recipe_abeautifulplate.com_September2020_CTA.json.gz,12,RestrictedDiet,Recipe,textual
Recipe_abeautifulplate.com_September2020_CTA.json.gz,16,Mass,Recipe,textual
Recipe_abeautifulplate.com_September2020_CTA.json.gz,17,ItemList,Recipe,textual
Recipe_abeautifulplate.com_September2020_CTA.json.gz,18,Energy,Recipe,textual
Recipe_abeautifulplate.com_September2020_CTA.json.gz,19,Mass,Recipe,textual
Recipe_absoluteorganic.com.au_September2020_CTA.json.gz,1,Recipe/description,Recipe,textual
Recipe_acalculatedwhisk.com_September2020_CTA.json.gz,11,Time,Recipe,textual
Recipe_acalculatedwhisk.com_September2020_CTA.json.gz,0,Recipe/name,Recipe,textual
Recipe_acalculatedwhisk.com_September2020_CTA.json.gz,12,ItemList,Recipe,textual
Recipe_acalculatedwhisk.com_September2020_CTA.json.gz,15,RestrictedDiet,Recipe,textual
Recipe_acalculatedwhisk.com_September2020_CTA.json.gz,26,Energy,Recipe,textual
Recipe_accidentaldairyfree.com_September2020_CTA.json.gz,0,Recipe/name,Recipe,textual
Recipe_acedarspoon.com_September2020_CTA.json.gz,8,Time,Recipe,textual
Recipe_aclassictwist.com_September2020_CTA.json.gz,10,Time,Recipe,textual
Recipe_acouplecooks.com_September2020_CTA.json.gz,24,Energy,Recipe,numerical
Recipe_acrazyfamily.com_September2020_CTA.json.gz,13,Time,Recipe,textual
Recipe_activenrg.co.uk_September2020_CTA.json.gz,10,Energy,Recipe,numerical
Recipe_adailydoseoftoni.com_September2020_CTA.json.gz,0,Recipe/name,Recipe,textual
Recipe_adailydoseoftoni.com_September2020_CTA.json.gz,7,ItemList,Recipe,textual
Recipe_adamsfarms.com_September2020_CTA.json.gz,0,Recipe/name,Recipe,textual
Recipe_adamsfarms.com_September2020_CTA.json.gz,1,ItemList,Recipe,textual
Recipe_adayinthelifeofmom.com_September2020_CTA.json.gz,9,Time,Recipe,textual
Recipe_adrifonseca.com_September2020_CTA.json.gz,0,Recipe/name,Recipe,textual
Recipe_adrifonseca.com_September2020_CTA.json.gz,5,ItemList,Recipe,textual
Recipe_adventure-travellers.com_September2020_CTA.json.gz,15,Energy,Recipe,numerical
Recipe_adventuresincooking.com_September2020_CTA.json.gz,19,Energy,Recipe,textual
Recipe_adventuresofb2.com_September2020_CTA.json.gz,1,Recipe/description,Recipe,textual
Recipe_adventuresofmel.com_September2020_CTA.json.gz,0,Recipe/name,Recipe,textual
Recipe_adventuresofmel.com_September2020_CTA.json.gz,10,Time,Recipe,textual
Recipe_adventuresofmel.com_September2020_CTA.json.gz,1,Recipe/description,Recipe,textual
Recipe_afarmishkindoflife.com_September2020_CTA.json.gz,0,Recipe/name,Recipe,textual
Recipe_afoodcentriclife.com_September2020_CTA.json.gz,1,Recipe/description,Recipe,textual
Recipe_afoodiestaysfit.com_September2020_CTA.json.gz,15,Energy,Recipe,numerical
Recipe_afoodloverslife.com_September2020_CTA.json.gz,17,Energy,Recipe,textual
Recipe_aforkstale.com_September2020_CTA.json.gz,10,ItemList,Recipe,textual
Recipe_afterorangecounty.com_September2020_CTA.json.gz,0,Recipe/name,Recipe,textual
Recipe_afterorangecounty.com_September2020_CTA.json.gz,1,ItemList,Recipe,textual
Recipe_agalima.com_September2020_CTA.json.gz,0,ItemList,Recipe,textual
Recipe_agalima.com_September2020_CTA.json.gz,1,Recipe/name,Recipe,textual
Recipe_agirlcalledadri.com_September2020_CTA.json.gz,10,Time,Recipe,textual
Recipe_agirlworthsaving.net_September2020_CTA.json.gz,9,Time,Recipe,textual
Recipe_aheadofthyme.com_September2020_CTA.json.gz,0,Recipe/name,Recipe,textual
Recipe_aheadofthyme.com_September2020_CTA.json.gz,14,ItemList,Recipe,textual
Recipe_ahealthyhint.com_September2020_CTA.json.gz,0,Recipe/name,Recipe,textual
Recipe_ahometogrowoldin.com_September2020_CTA.json.gz,10,Time,Recipe,textual
Recipe_ahometogrowoldin.com_September2020_CTA.json.gz,14,Energy,Recipe,textual
Recipe_aileencooks.com_September2020_CTA.json.gz,16,Time,Recipe,textual
Recipe_aimeebroussard.com_September2020_CTA.json.gz,8,Time,Recipe,textual
Recipe_airfryerfanatics.com_September2020_CTA.json.gz,10,Time,Recipe,textual
Recipe_airfryerfanatics.com_September2020_CTA.json.gz,0,Recipe/name,Recipe,textual
Recipe_airfryerfanatics.com_September2020_CTA.json.gz,19,ItemList,Recipe,textual
Recipe_airfryerfanatics.com_September2020_CTA.json.gz,21,Energy,Recipe,textual
Recipe_akitchenadvisor.com_September2020_CTA.json.gz,10,Energy,Recipe,textual
Recipe_alifeofgeekery.co.uk_September2020_CTA.json.gz,1,ItemList,Recipe,textual
Recipe_alittleinsanity.com_September2020_CTA.json.gz,13,Energy,Recipe,numerical
Recipe_all-desserts.com_September2020_CTA.json.gz,1,ItemList,Recipe,textual
Recipe_all-thats-jas.com_September2020_CTA.json.gz,22,Energy,Recipe,textual
Recipe_alldayieat.com_September2020_CTA.json.gz,3,Recipe/description,Recipe,textual
Recipe_allergyawesomeness.com_September2020_CTA.json.gz,10,Time,Recipe,textual
Recipe_allergyfreealaska.com_September2020_CTA.json.gz,13,RestrictedDiet,Recipe,textual
Recipe_allergykids.co.nz_September2020_CTA.json.gz,11,Energy,Recipe,textual
Recipe_allergylicious.com_September2020_CTA.json.gz,10,Time,Recipe,textual
Recipe_allnaturalideas.com_September2020_CTA.json.gz,11,Time,Recipe,textual
Recipe_allnutritious.com_September2020_CTA.json.gz,10,Time,Recipe,textual
Recipe_allnutritious.com_September2020_CTA.json.gz,12,RestrictedDiet,Recipe,textual
Recipe_allnutritious.com_September2020_CTA.json.gz,16,ItemList,Recipe,textual
Recipe_allnutritious.com_September2020_CTA.json.gz,28,Energy,Recipe,textual
Recipe_allthehealthythings.com_September2020_CTA.json.gz,12,ItemList,Recipe,textual
Recipe_allthehealthythings.com_September2020_CTA.json.gz,17,RestrictedDiet,Recipe,textual
Recipe_allwaysdelicious.com_September2020_CTA.json.gz,13,ItemList,Recipe,textual
Recipe_almondcow.co_September2020_CTA.json.gz,1,Recipe/description,Recipe,textual
Recipe_almostsupermom.com_September2020_CTA.json.gz,2,ItemList,Recipe,textual
Recipe_alwayssavebrand.com_September2020_CTA.json.gz,1,Recipe/description,Recipe,textual
Recipe_amandaseghetti.com_September2020_CTA.json.gz,9,RestrictedDiet,Recipe,textual
Recipe_amorebrand.com_September2020_CTA.json.gz,3,Recipe/description,Recipe,textual
Recipe_appetiteforenergy.com_September2020_CTA.json.gz,12,RestrictedDiet,Recipe,textual
Recipe_artscrackers.com_September2020_CTA.json.gz,11,RestrictedDiet,Recipe,textual
Recipe_asaucykitchen.com_September2020_CTA.json.gz,11,RestrictedDiet,Recipe,textual
Recipe_aseasyasapplepie.com_September2020_CTA.json.gz,1,Recipe/description,Recipe,textual
Recipe_ashlynlincoln.com_September2020_CTA.json.gz,9,RestrictedDiet,Recipe,textual
Recipe_asknestle.in_September2020_CTA.json.gz,1,Recipe/description,Recipe,textual
Recipe_astepinthejourney.com_September2020_CTA.json.gz,10,Recipe/description,Recipe,textual
Recipe_avocadosfrommexico.com_September2020_CTA.json.gz,1,Recipe/description,Recipe,textual
Recipe_badtothebowl.com_September2020_CTA.json.gz,1,Recipe/description,Recipe,textual
Recipe_balancedgrub.com_September2020_CTA.json.gz,2,Recipe/description,Recipe,textual
Recipe_bbc.co.uk_September2020_CTA.json.gz,12,RestrictedDiet,Recipe,textual
Recipe_betweennapsontheporch.net_September2020_CTA.json.gz,1,Recipe/description,Recipe,textual
Recipe_bevspot.com_September2020_CTA.json.gz,8,Recipe/description,Recipe,textual
Recipe_beyondmeresustenance.com_September2020_CTA.json.gz,11,RestrictedDiet,Recipe,textual
Recipe_biggerbolderbaking.com_September2020_CTA.json.gz,0,Recipe/description,Recipe,textual
Recipe_birdsnestbites.com_September2020_CTA.json.gz,2,Recipe/description,Recipe,textual
Recipe_birdsparty.com_September2020_CTA.json.gz,2,Recipe/description,Recipe,textual
Recipe_bistromd.com_September2020_CTA.json.gz,11,RestrictedDiet,Recipe,textual
Recipe_buildyourbite.com_September2020_CTA.json.gz,11,RestrictedDiet,Recipe,textual
Recipe_burgundywine.com_September2020_CTA.json.gz,4,Recipe/description,Recipe,textual
Recipe_butteroverbae.com_September2020_CTA.json.gz,14,RestrictedDiet,Recipe,textual
Recipe_cauldronfoods.co.uk_September2020_CTA.json.gz,10,RestrictedDiet,Recipe,textual
Recipe_chabad.org_September2020_CTA.json.gz,4,RestrictedDiet,Recipe,textual
Recipe_champagne-tastes.com_September2020_CTA.json.gz,10,RestrictedDiet,Recipe,textual
Recipe_chatfieldcourt.com_September2020_CTA.json.gz,11,RestrictedDiet,Recipe,textual
Recipe_cheneetoday.com_September2020_CTA.json.gz,10,RestrictedDiet,Recipe,textual
Restaurant_10best.com_September2020_CTA.json.gz,1,telephone,Restaurant,numerical
Restaurant_10best.com_September2020_CTA.json.gz,0,Restaurant/name,Restaurant,textual
Restaurant_201area.com_September2020_CTA.json.gz,1,Restaurant/name,Restaurant,textual
Restaurant_201area.com_September2020_CTA.json.gz,3,priceRange,Restaurant,textual
Restaurant_207area.com_September2020_CTA.json.gz,0,Restaurant/name,Restaurant,textual
Restaurant_207area.com_September2020_CTA.json.gz,3,priceRange,Restaurant,textual
Restaurant_207area.com_September2020_CTA.json.gz,4,postalCode,Restaurant,numerical
Restaurant_210area.com_September2020_CTA.json.gz,0,Restaurant/name,Restaurant,textual
Restaurant_210area.com_September2020_CTA.json.gz,6,priceRange,Restaurant,textual
Restaurant_212area.com_September2020_CTA.json.gz,1,telephone,Restaurant,textual
Restaurant_214area.com_September2020_CTA.json.gz,0,Restaurant/name,Restaurant,textual
Restaurant_214area.com_September2020_CTA.json.gz,3,priceRange,Restaurant,textual
Restaurant_228area.com_September2020_CTA.json.gz,0,Restaurant/name,Restaurant,textual
Restaurant_228area.com_September2020_CTA.json.gz,3,priceRange,Restaurant,textual
Restaurant_228area.com_September2020_CTA.json.gz,7,postalCode,Restaurant,textual
Restaurant_239area.com_September2020_CTA.json.gz,0,Restaurant/name,Restaurant,textual
Restaurant_239area.com_September2020_CTA.json.gz,5,priceRange,Restaurant,textual
Restaurant_256togo.com_September2020_CTA.json.gz,1,Restaurant/name,Restaurant,textual
Restaurant_27dress.co.uk_September2020_CTA.json.gz,0,Restaurant/name,Restaurant,textual
Restaurant_27dress.co.uk_September2020_CTA.json.gz,2,priceRange,Restaurant,textual
Restaurant_2bite.com_September2020_CTA.json.gz,0,Restaurant/name,Restaurant,textual
Restaurant_2dinein.com_September2020_CTA.json.gz,0,Restaurant/name,Restaurant,textual
Restaurant_2dinein.com_September2020_CTA.json.gz,3,priceRange,Restaurant,textual
Restaurant_2dollardelivery.com_September2020_CTA.json.gz,0,Restaurant/name,Restaurant,textual
Restaurant_301area.com_September2020_CTA.json.gz,1,telephone,Restaurant,textual
Restaurant_312area.com_September2020_CTA.json.gz,0,Restaurant/name,Restaurant,textual
Restaurant_312area.com_September2020_CTA.json.gz,3,priceRange,Restaurant,textual
Restaurant_313area.com_September2020_CTA.json.gz,1,telephone,Restaurant,textual
Restaurant_317area.com_September2020_CTA.json.gz,0,Restaurant/name,Restaurant,textual
Restaurant_317area.com_September2020_CTA.json.gz,4,priceRange,Restaurant,textual
Restaurant_352area.com_September2020_CTA.json.gz,0,Restaurant/name,Restaurant,textual
Restaurant_352area.com_September2020_CTA.json.gz,3,priceRange,Restaurant,textual
Restaurant_360degreesgroup.com_September2020_CTA.json.gz,1,Restaurant/name,Restaurant,textual
Restaurant_360degreesgroup.com_September2020_CTA.json.gz,2,openingHours,Restaurant,textual
Restaurant_360degreesgroup.com_September2020_CTA.json.gz,6,postalCode,Restaurant,numerical
Restaurant_3cornersgrill.com_September2020_CTA.json.gz,0,Restaurant/name,Restaurant,textual
Restaurant_3cornersgrill.com_September2020_CTA.json.gz,3,priceRange,Restaurant,textual
Restaurant_3cornersgrill.com_September2020_CTA.json.gz,4,openingHours,Restaurant,textual
Restaurant_4-food.com_September2020_CTA.json.gz,2,openingHours,Restaurant,textual
Restaurant_404area.com_September2020_CTA.json.gz,1,Restaurant/name,Restaurant,textual
Restaurant_404area.com_September2020_CTA.json.gz,3,priceRange,Restaurant,textual
Restaurant_408area.com_September2020_CTA.json.gz,1,Restaurant/name,Restaurant,textual
Restaurant_408area.com_September2020_CTA.json.gz,3,priceRange,Restaurant,textual
Restaurant_415area.com_September2020_CTA.json.gz,0,Restaurant/name,Restaurant,textual
Restaurant_415area.com_September2020_CTA.json.gz,3,priceRange,Restaurant,textual
Restaurant_480area.com_September2020_CTA.json.gz,1,telephone,Restaurant,textual
Restaurant_480area.com_September2020_CTA.json.gz,3,priceRange,Restaurant,textual
Restaurant_502area.com_September2020_CTA.json.gz,0,telephone,Restaurant,textual
Restaurant_503area.com_September2020_CTA.json.gz,3,priceRange,Restaurant,textual
Restaurant_503area.com_September2020_CTA.json.gz,0,telephone,Restaurant,textual
Restaurant_504area.com_September2020_CTA.json.gz,3,priceRange,Restaurant,textual
Restaurant_512area.com_September2020_CTA.json.gz,4,priceRange,Restaurant,textual
Restaurant_514eats.com_September2020_CTA.json.gz,2,postalCode,Restaurant,textual
Restaurant_561area.com_September2020_CTA.json.gz,4,priceRange,Restaurant,textual
Restaurant_703area.com_September2020_CTA.json.gz,1,telephone,Restaurant,textual
Restaurant_718area.com_September2020_CTA.json.gz,1,telephone,Restaurant,textual
Restaurant_843area.com_September2020_CTA.json.gz,0,telephone,Restaurant,textual
Restaurant_901area.com_September2020_CTA.json.gz,1,telephone,Restaurant,textual
Restaurant_904area.com_September2020_CTA.json.gz,0,telephone,Restaurant,textual
Restaurant_910area.com_September2020_CTA.json.gz,1,telephone,Restaurant,textual
Restaurant_918area.com_September2020_CTA.json.gz,5,postalCode,Restaurant,numerical
Restaurant_aboutdanapoint.com_September2020_CTA.json.gz,6,postalCode,Restaurant,numerical
Restaurant_abuelos.com_September2020_CTA.json.gz,2,openingHours,Restaurant,textual
Restaurant_abuelos.com_September2020_CTA.json.gz,7,postalCode,Restaurant,numerical
Restaurant_acantina-brasseriecorse.fr_September2020_CTA.json.gz,6,addressLocality,Restaurant,textual
Restaurant_acantina-brasseriecorse.fr_September2020_CTA.json.gz,1,telephone,Restaurant,numerical
Restaurant_acantina-brasseriecorse.fr_September2020_CTA.json.gz,4,Boolean,Restaurant,textual
Restaurant_acantina-brasseriecorse.fr_September2020_CTA.json.gz,7,postalCode,Restaurant,numerical
Restaurant_acantina-brasseriecorse.fr_September2020_CTA.json.gz,8,streetAddress,Restaurant,textual
Restaurant_acantina-brasseriecorse.fr_September2020_CTA.json.gz,13,DayOfWeek,Restaurant,textual
Restaurant_africabizinfo.com_September2020_CTA.json.gz,4,streetAddress,Restaurant,textual
Restaurant_africabizinfo.com_September2020_CTA.json.gz,1,telephone,Restaurant,textual
Restaurant_afternoonteaonline.co.uk_September2020_CTA.json.gz,1,telephone,Restaurant,textual
Restaurant_afternoonteaonline.co.uk_September2020_CTA.json.gz,3,Boolean,Restaurant,textual
Restaurant_agfg.com.au_September2020_CTA.json.gz,6,postalCode,Restaurant,numerical
Restaurant_alaferia.fr_September2020_CTA.json.gz,14,addressLocality,Restaurant,textual
Restaurant_alaferia.fr_September2020_CTA.json.gz,1,telephone,Restaurant,numerical
Restaurant_alaferia.fr_September2020_CTA.json.gz,4,Boolean,Restaurant,textual
Restaurant_alaferia.fr_September2020_CTA.json.gz,7,streetAddress,Restaurant,textual
Restaurant_alaferia.fr_September2020_CTA.json.gz,8,postalCode,Restaurant,numerical
Restaurant_alamesacuba.com_September2020_CTA.json.gz,1,PostalAddress,Restaurant,textual
Restaurant_alamesacuba.com_September2020_CTA.json.gz,4,openingHours,Restaurant,textual
Restaurant_allaboutportugal.pt_September2020_CTA.json.gz,3,openingHours,Restaurant,textual
Restaurant_allbarone.co.uk_September2020_CTA.json.gz,1,telephone,Restaurant,textual
Restaurant_allbiz.com_September2020_CTA.json.gz,6,postalCode,Restaurant,textual
Restaurant_allmenus.com_September2020_CTA.json.gz,1,telephone,Restaurant,textual
Restaurant_amarahotels.com_September2020_CTA.json.gz,2,openingHours,Restaurant,textual
Restaurant_amarahotels.com_September2020_CTA.json.gz,4,postalCode,Restaurant,numerical
Restaurant_amarahotels.com_September2020_CTA.json.gz,5,streetAddress,Restaurant,textual
Restaurant_amarahotels.com_September2020_CTA.json.gz,6,addressLocality,Restaurant,textual
Restaurant_amici-restaurant.co.uk_September2020_CTA.json.gz,8,addressLocality,Restaurant,textual
Restaurant_amici-restaurant.co.uk_September2020_CTA.json.gz,1,telephone,Restaurant,numerical
Restaurant_amici-restaurant.co.uk_September2020_CTA.json.gz,9,postalCode,Restaurant,textual
Restaurant_amici-restaurant.co.uk_September2020_CTA.json.gz,10,streetAddress,Restaurant,textual
Restaurant_anantara.com_September2020_CTA.json.gz,4,addressLocality,Restaurant,textual
Restaurant_apache.ie_September2020_CTA.json.gz,3,openingHours,Restaurant,textual
Restaurant_aruba.com_September2020_CTA.json.gz,1,PostalAddress,Restaurant,textual
Restaurant_asianfoodnear.me_September2020_CTA.json.gz,1,PostalAddress,Restaurant,textual
Restaurant_asktanzania.com_September2020_CTA.json.gz,4,addressLocality,Restaurant,textual
Restaurant_atlantaeats.com_September2020_CTA.json.gz,1,openingHours,Restaurant,textual
Restaurant_auberge-episy.com_September2020_CTA.json.gz,7,addressLocality,Restaurant,textual
Restaurant_auberge-episy.com_September2020_CTA.json.gz,8,streetAddress,Restaurant,textual
Restaurant_auberge-episy.com_September2020_CTA.json.gz,9,postalCode,Restaurant,numerical
Restaurant_auberge-episy.com_September2020_CTA.json.gz,13,DayOfWeek,Restaurant,textual
Restaurant_aucklandnz.com_September2020_CTA.json.gz,7,addressLocality,Restaurant,textual
Restaurant_aucklandnz.com_September2020_CTA.json.gz,2,openingHours,Restaurant,textual
Restaurant_ausibiz.com_September2020_CTA.json.gz,8,addressLocality,Restaurant,textual
Restaurant_aux-fourneaux.com_September2020_CTA.json.gz,5,addressLocality,Restaurant,textual
Restaurant_aux-fourneaux.com_September2020_CTA.json.gz,7,postalCode,Restaurant,numerical
Restaurant_aux-fourneaux.com_September2020_CTA.json.gz,10,streetAddress,Restaurant,textual
Restaurant_aux-fourneaux.com_September2020_CTA.json.gz,13,DayOfWeek,Restaurant,textual
Restaurant_avanihotels.com_September2020_CTA.json.gz,2,addressLocality,Restaurant,textual
Restaurant_babamarais.com_September2020_CTA.json.gz,11,addressLocality,Restaurant,textual
Restaurant_babamarais.com_September2020_CTA.json.gz,7,streetAddress,Restaurant,textual
Restaurant_babamarais.com_September2020_CTA.json.gz,9,postalCode,Restaurant,numerical
Restaurant_babamarais.com_September2020_CTA.json.gz,12,DayOfWeek,Restaurant,textual
Restaurant_bartaco.com_September2020_CTA.json.gz,7,postalCode,Restaurant,numerical
Restaurant_bartaco.com_September2020_CTA.json.gz,12,DayOfWeek,Restaurant,textual
Restaurant_beaumontcvb.com_September2020_CTA.json.gz,7,postalCode,Restaurant,numerical
Restaurant_beefobradys.com_September2020_CTA.json.gz,5,addressLocality,Restaurant,textual
Restaurant_beefobradys.com_September2020_CTA.json.gz,6,postalCode,Restaurant,numerical
Restaurant_bertuccis.com_September2020_CTA.json.gz,2,openingHours,Restaurant,textual
Restaurant_beyitjedo.com_September2020_CTA.json.gz,13,DayOfWeek,Restaurant,textual
Restaurant_beyitjedo.com_September2020_CTA.json.gz,6,addressLocality,Restaurant,textual
Restaurant_beyitjedo.com_September2020_CTA.json.gz,7,postalCode,Restaurant,numerical
Restaurant_beyitjedo.com_September2020_CTA.json.gz,9,streetAddress,Restaurant,textual
Restaurant_bistrot-margaux-antibes.fr_September2020_CTA.json.gz,5,addressLocality,Restaurant,textual
Restaurant_bistrot-margaux-antibes.fr_September2020_CTA.json.gz,9,streetAddress,Restaurant,textual
Restaurant_bistrot-margaux-antibes.fr_September2020_CTA.json.gz,12,DayOfWeek,Restaurant,textual
Restaurant_bizioner.com_September2020_CTA.json.gz,2,openingHours,Restaurant,textual
Restaurant_bizireland.com_September2020_CTA.json.gz,5,streetAddress,Restaurant,textual
Restaurant_bizsouthasia.com_September2020_CTA.json.gz,3,addressLocality,Restaurant,textual
Restaurant_bizsouthasia.com_September2020_CTA.json.gz,4,streetAddress,Restaurant,textual
Restaurant_blacklink.co.kr_September2020_CTA.json.gz,1,PostalAddress,Restaurant,textual
Restaurant_bobs-steakandchop.com_September2020_CTA.json.gz,11,DayOfWeek,Restaurant,textual
Restaurant_bookatable.at_September2020_CTA.json.gz,4,openingHours,Restaurant,textual
Restaurant_bookatable.co.uk_September2020_CTA.json.gz,2,openingHours,Restaurant,textual
Restaurant_braaishackrestaurant.com_September2020_CTA.json.gz,11,addressLocality,Restaurant,textual
Restaurant_braaishackrestaurant.com_September2020_CTA.json.gz,8,streetAddress,Restaurant,textual
Restaurant_braaishackrestaurant.com_September2020_CTA.json.gz,16,DayOfWeek,Restaurant,textual
Restaurant_brasserie-lestival.fr_September2020_CTA.json.gz,9,addressLocality,Restaurant,textual
Restaurant_brasserie-lestival.fr_September2020_CTA.json.gz,8,streetAddress,Restaurant,textual
Restaurant_brasseriedulac59.com_September2020_CTA.json.gz,7,addressLocality,Restaurant,textual
Restaurant_brasseriedulac59.com_September2020_CTA.json.gz,11,streetAddress,Restaurant,textual
Restaurant_brasseriedulac59.com_September2020_CTA.json.gz,12,DayOfWeek,Restaurant,textual
Restaurant_brasserielipp.fr_September2020_CTA.json.gz,13,DayOfWeek,Restaurant,textual
Restaurant_brasserielipp.fr_September2020_CTA.json.gz,7,addressLocality,Restaurant,textual
Restaurant_brasserielipp.fr_September2020_CTA.json.gz,9,streetAddress,Restaurant,textual
Restaurant_bringfido.com_September2020_CTA.json.gz,0,PostalAddress,Restaurant,textual
Restaurant_britishcuisine.co.uk_September2020_CTA.json.gz,5,openingHours,Restaurant,textual
Restaurant_bucadibeppo.com_September2020_CTA.json.gz,3,openingHours,Restaurant,textual
Restaurant_buffetlibre.com.es_September2020_CTA.json.gz,6,streetAddress,Restaurant,textual
Restaurant_cafeducommerce-nogaro.fr_September2020_CTA.json.gz,15,DayOfWeek,Restaurant,textual
Restaurant_canadian2for1pizza.com_September2020_CTA.json.gz,2,openingHours,Restaurant,textual
Restaurant_canadian2for1pizza.com_September2020_CTA.json.gz,9,streetAddress,Restaurant,textual
Restaurant_carnaby.co.uk_September2020_CTA.json.gz,2,openingHours,Restaurant,textual
Restaurant_carrabbas.com_September2020_CTA.json.gz,2,openingHours,Restaurant,textual
Restaurant_casaibericalyon.fr_September2020_CTA.json.gz,8,streetAddress,Restaurant,textual
Restaurant_casaibericalyon.fr_September2020_CTA.json.gz,15,DayOfWeek,Restaurant,textual
Restaurant_catercow.com_September2020_CTA.json.gz,1,PostalAddress,Restaurant,textual
Restaurant_catercurator.com_September2020_CTA.json.gz,5,streetAddress,Restaurant,textual
Restaurant_changkrankhmer.com_September2020_CTA.json.gz,6,openingHours,Restaurant,textual
Restaurant_charvetandco.fr_September2020_CTA.json.gz,18,DayOfWeek,Restaurant,textual
Restaurant_chefonline.co.uk_September2020_CTA.json.gz,12,DayOfWeek,Restaurant,textual
Restaurant_chezraphy68.com_September2020_CTA.json.gz,13,DayOfWeek,Restaurant,textual
Restaurant_comeleya.com_September2020_CTA.json.gz,9,DayOfWeek,Restaurant,textual
Restaurant_comme-a-la-campagne.fr_September2020_CTA.json.gz,13,DayOfWeek,Restaurant,textual
Restaurant_coopcycle.org_September2020_CTA.json.gz,3,DayOfWeek,Restaurant,textual
Restaurant_creativetourist.com_September2020_CTA.json.gz,8,DayOfWeek,Restaurant,textual
Restaurant_crystalcoastnc.org_September2020_CTA.json.gz,1,PostalAddress,Restaurant,textual
Restaurant_diningcity.cn_September2020_CTA.json.gz,1,PostalAddress,Restaurant,textual
Restaurant_discovernorfolk.co.uk_September2020_CTA.json.gz,1,PostalAddress,Restaurant,textual
Restaurant_dominickssteakhouse.com_September2020_CTA.json.gz,1,PostalAddress,Restaurant,textual
Restaurant_e-table.gr_September2020_CTA.json.gz,3,Photograph,Restaurant,textual
Restaurant_everythingperu.com_September2020_CTA.json.gz,1,PostalAddress,Restaurant,textual
Restaurant_fest.lviv.ua_September2020_CTA.json.gz,1,PostalAddress,Restaurant,textual
Restaurant_food.gg_September2020_CTA.json.gz,1,PostalAddress,Restaurant,textual
Restaurant_food.je_September2020_CTA.json.gz,1,PostalAddress,Restaurant,textual
Restaurant_forbestravelguide.com_September2020_CTA.json.gz,1,PostalAddress,Restaurant,textual
Restaurant_gofood.co.id_September2020_CTA.json.gz,1,PostalAddress,Restaurant,textual
Restaurant_govegn.com_September2020_CTA.json.gz,1,PostalAddress,Restaurant,textual
Restaurant_hawaiiantowns.com_September2020_CTA.json.gz,0,PostalAddress,Restaurant,textual
Restaurant_menuonline.fr_September2020_CTA.json.gz,1,PostalAddress,Restaurant,textual
Restaurant_millenniumhotels.com_September2020_CTA.json.gz,1,PostalAddress,Restaurant,textual
Restaurant_visitorfun.com_September2020_CTA.json.gz,2,Photograph,Restaurant,textual
Restaurant_wheretoeat.com.na_September2020_CTA.json.gz,4,Photograph,Restaurant,textual
